{"Order of variables": ["X", "A", "B"], "Raw rolver output": [1.532107773982716e-14, 4.269152007945062, 4.269152007945062, 4.269152007945062, 3.6473139974292383, -1.9999999999999976, 3.6473139974292312, 3.647313997429219, 2.134576003972531, 4.269152007945062, 4.269152007945062, 6.968165113224947, 3.6473139974291913, 4.188436643657981, 4.188436643657975, 2.134576003972531, 4.269152007945062, 4.188436643657966, 3.647313997429241, 4.188436643657986, 6.968165113224909, 2.134576003972531, 4.188436643657967, 3.6473139974292446, 6.968165113225007, 4.188436643657963, 2.134576003972531, 4.269152007945062, 4.269152007945062, 4.269152007945062, 1.532107773982716e-14, 4.269152007945062, 4.269152007945062, 2.134576003972531, 4.269152007945062, 2.134576003972531], "Inequality as string": "0\u22642P(000)P(001)+2P(000)P(010)+2P(000)P(011)+2P(000)P(100)-P(000)P(101)+2P(000)P(110)+2P(000)P(111)+P(001)**2+2P(001)P(010)+2P(001)P(011)+3P(001)P(100)+2P(001)P(101)+2P(001)P(110)+2P(001)P(111)+P(010)**2+2P(010)P(011)+2P(010)P(100)+2P(010)P(101)+2P(010)P(110)+3P(010)P(111)+P(011)**2+2P(011)P(100)+2P(011)P(101)+3P(011)P(110)+2P(011)P(111)+P(100)**2+2P(100)P(101)+2P(100)P(110)+2P(100)P(111)+2P(101)P(110)+2P(101)P(111)+P(110)**2+2P(110)P(111)+P(111)**2", "Coefficients grouped by index": {"2": [1, 2, 3, 4, 6, 7, 9, 10, 12, 13, 14, 16, 17, 18, 19, 22, 23, 25, 27, 28, 29, 31, 32, 34], "-1": [5], "1": [8, 15, 21, 26, 33, 35], "3": [11, 20, 24]}, "Coefficients grouped by symbol": {"2": ["P(000)P(001)", "P(000)P(010)", "P(000)P(011)", "P(000)P(100)", "P(000)P(110)", "P(000)P(111)", "P(001)P(010)", "P(001)P(011)", "P(001)P(101)", "P(001)P(110)", "P(001)P(111)", "P(010)P(011)", "P(010)P(100)", "P(010)P(101)", "P(010)P(110)", "P(011)P(100)", "P(011)P(101)", "P(011)P(111)", "P(100)P(101)", "P(100)P(110)", "P(100)P(111)", "P(101)P(110)", "P(101)P(111)", "P(110)P(111)"], "-1": ["P(000)P(101)"], "1": ["P(001)**2", "P(010)**2", "P(011)**2", "P(100)**2", "P(110)**2", "P(111)**2"], "3": ["P(001)P(100)", "P(010)P(111)", "P(011)P(110)"]}, "Clean solver output": [0, 2, 2, 2, 2, -1, 2, 2, 1, 2, 2, 3, 2, 2, 2, 1, 2, 2, 2, 2, 3, 1, 2, 2, 3, 2, 1, 2, 2, 2, 0, 2, 2, 1, 2, 1], "Symolic association": ["P(000)**2", "P(000)P(001)", "P(000)P(010)", "P(000)P(011)", "P(000)P(100)", "P(000)P(101)", "P(000)P(110)", "P(000)P(111)", "P(001)**2", "P(001)P(010)", "P(001)P(011)", "P(001)P(100)", "P(001)P(101)", "P(001)P(110)", "P(001)P(111)", "P(010)**2", "P(010)P(011)", "P(010)P(100)", "P(010)P(101)", "P(010)P(110)", "P(010)P(111)", "P(011)**2", "P(011)P(100)", "P(011)P(101)", "P(011)P(110)", "P(011)P(111)", "P(100)**2", "P(100)P(101)", "P(100)P(110)", "P(100)P(111)", "P(101)**2", "P(101)P(110)", "P(101)P(111)", "P(110)**2", "P(110)P(111)", "P(111)**2"]}
