{"Order of variables": ["X", "A", "B"], "Raw rolver output": [6.636913241209186e-13, 0.22682586044096542, 0.22682586044096542, 0.22682586044096542, 0.1504454788185834, -0.49999999999556133, 0.1504454788185825, 0.1504454788185825, 0.11341293022048271, 0.22682586044096542, 0.22682586044096542, 0.4999999999966551, 0.15044547881858206, 0.4999999999996523, 0.4999999999996523, 0.11341293022048271, 0.22682586044096542, 0.4999999999996523, 0.15044547881858295, 0.4999999999996523, 0.4999999999966551, 0.11341293022048271, 0.4999999999996523, 0.15044547881858206, 0.4999999999966551, 0.4999999999996523, 0.11341293022048271, 0.22682586044096542, 0.22682586044096542, 0.22682586044096542, 6.636913241209186e-13, 0.22682586044096542, 0.22682586044096542, 0.11341293022048271, 0.22682586044096542, 0.11341293022048271], "Inequality as string": "0\u2264-P(000)P(101)+P(001)P(100)+P(001)P(110)+P(001)P(111)+P(010)P(100)+P(010)P(110)+P(010)P(111)+P(011)P(100)+P(011)P(110)+P(011)P(111)", "Coefficients grouped by index": {"-1": [5], "1": [11, 13, 14, 17, 19, 20, 22, 24, 25]}, "Coefficients grouped by symbol": {"-1": ["P(000)P(101)"], "1": ["P(001)P(100)", "P(001)P(110)", "P(001)P(111)", "P(010)P(100)", "P(010)P(110)", "P(010)P(111)", "P(011)P(100)", "P(011)P(110)", "P(011)P(111)"]}, "Clean solver output": [0, 0, 0, 0, 0, -1, 0, 0, 0, 0, 0, 1, 0, 1, 1, 0, 0, 1, 0, 1, 1, 0, 1, 0, 1, 1, 0, 0, 0, 0, 0, 0, 0, 0, 0, 0], "Symolic association": ["P(000)**2", "P(000)P(001)", "P(000)P(010)", "P(000)P(011)", "P(000)P(100)", "P(000)P(101)", "P(000)P(110)", "P(000)P(111)", "P(001)**2", "P(001)P(010)", "P(001)P(011)", "P(001)P(100)", "P(001)P(101)", "P(001)P(110)", "P(001)P(111)", "P(010)**2", "P(010)P(011)", "P(010)P(100)", "P(010)P(101)", "P(010)P(110)", "P(010)P(111)", "P(011)**2", "P(011)P(100)", "P(011)P(101)", "P(011)P(110)", "P(011)P(111)", "P(100)**2", "P(100)P(101)", "P(100)P(110)", "P(100)P(111)", "P(101)**2", "P(101)P(110)", "P(101)P(111)", "P(110)**2", "P(110)P(111)", "P(111)**2"]}
